"Scope","Rule","Severity","Count","ExampleFile","ExampleLine","ExampleMessage"
"Vendor/generated/other",".CppCompilerErrors","warning","133","Assets/TextMesh Pro/Shaders/TMPro_Mobile.cginc","39","'pixel_t' does not name a value"
"Vendor/generated/other",".CppCompilerErrors","error","2","Assets/TextMesh Pro/Shaders/TMPro_Mobile.cginc","14","Expected ';'"
"First-party","AccessToModifiedClosure","warning","4","Assets/Game/Runtime/Networking/SteamLobby.cs","46","Captured variable is modified in the outer scope"
"Vendor/generated/other","AccessToStaticMemberViaDerivedType","warning","3","Assets/FishNet/Runtime/Plugins/GameKit/Dependencies/Utilities/Transforms.cs","103","Access to a static member of a type via a derived type"
"First-party","AccessToStaticMemberViaDerivedType","warning","4","Assets/Game/Editor/BakeTools.cs","230","Access to a static member of a type via a derived type"
"Vendor/generated/other","ArrangeAccessorOwnerBody","note","849","Assets/FishNet/CodeGenerating/cecil-0.11.4/Mono.Cecil.Cil/Document.cs","57","Code body does not conform to code style settings: use expression body"
"First-party","ArrangeAccessorOwnerBody","note","1","Assets/Game/Runtime/Avatars/Appearance/AvatarEditorStation.cs","22","Code body does not conform to code style settings: use expression-bodied property"
"First-party","ArrangeObjectCreationWhenTypeEvident","note","2","Assets/Game/Runtime/Pickup/ItemPlacementZone.cs","13","Redundant type specification"
"Vendor/generated/other","ArrangeObjectCreationWhenTypeEvident","note","120","Assets/Plugins/FishySteamworks/Core/BidirectionalDictionary.cs","8","Redundant type specification"
"Vendor/generated/other","AssignNullToNotNullAttribute","warning","23","Assets/FishNet/CodeGenerating/Helpers/Extension/Diagnostics.cs","33","Possible 'null' assignment to non-nullable entity"
"Vendor/generated/other","AutoPropertyCanBeMadeGetOnly.Global","note","25","Assets/FishNet/CodeGenerating/cecil-0.11.4/Mono.Cecil.Cil/Document.cs","54","Auto-property can be made get-only"
"Vendor/generated/other","AutoPropertyCanBeMadeGetOnly.Local","note","8","Assets/FishNet/Runtime/Connection/Buffer.cs","33","Auto-property can be made get-only"
"First-party","AutoPropertyCanBeMadeGetOnly.Local","note","1","Assets/Game/Runtime/Avatars/AvatarAnimationGraph.cs","115","Auto-property can be made get-only"
"Vendor/generated/other","BadControlBracesIndent","note","1","Assets/FishNet/Runtime/Generated/Component/NetworkTransform/NetworkTransform.cs","1720","Line indent is not restored to the previous level around statement braces"
"Vendor/generated/other","BaseObjectEqualsIsObjectEquals","warning","1","Assets/FishNet/Runtime/Managing/Scened/SceneLookupData.cs","204","Call to 'base.Equals(...)' is reference equality"
"Vendor/generated/other","BitwiseOperatorOnEnumWithoutFlags","warning","5","Assets/FishNet/CodeGenerating/Processing/Rpc/AttributeData.cs","47","Bitwise operation on enum that is not marked by the [Flags] attribute"
"First-party","CSharpWarnings::CS0108,CS0114","warning","1","Assets/Game/Runtime/Player/PlayerPotionEffects.cs","26","The keyword 'new' is required on 'Reset' because it hides event function 'void FishNet.Object.NetworkBehaviour.Reset()'"
"Vendor/generated/other","CSharpWarnings::CS0162","warning","1","Assets/FishNet/Runtime/Transporting/Transports/Tugboat/Core/CommonSocket.cs","171","Code is unreachable"
"First-party","CSharpWarnings::CS0618","warning","11","Assets/Game/Runtime/Avatars/Appearance/AvatarEditorPreview.cs","44","CS0618: Enum 'UnityEngine.FindObjectsSortMode' is obsolete: 'FindObjectsSortMode has been deprecated. Use the FindObjectsByType overloads that do not take a FindObjectsSortMode parameter.'"
"Vendor/generated/other","CSharpWarnings::CS0618","warning","7","Assets/FishNet/Upgrading/UpgradeFromMirrorMenu.cs","44","CS0618: Method 'UnityEditor.PlayerSettings.GetScriptingDefineSymbolsForGroup(BuildTargetGroup)' is obsolete: 'Use GetScriptingDefineSymbols(NamedBuildTarget buildTarget) instead'"
"Vendor/generated/other","CSharpWarnings::CS0693","warning","1","Assets/FishNet/Runtime/Plugins/GameKit/Dependencies/Utilities/Types/ObjectPooling/Scripts/ListStack.cs","6","Type parameter 'GameObject' hides class 'GameObject'"
"Vendor/generated/other","CSharpWarnings::CS8632","warning","136","Assets/FishNet/Runtime/Transporting/Transports/Synapse/Core/ClientSocket.cs","28","The annotation for nullable reference types should only be used in code within a '#nullable' annotations context"
"Vendor/generated/other","CanSimplifyDictionaryLookupWithTryAdd","note","1","Assets/FishNet/CodeGenerating/cecil-0.11.4/Mono.Cecil/DefaultAssemblyResolver.cs","45","Dictionary lookup can be simplified with 'TryAdd'"
"First-party","CanSimplifyDictionaryLookupWithTryAdd","note","1","Assets/Game/Runtime/Items/WorldItemRegistry.Effects.cs","123","Dictionary lookup can be simplified with 'TryAdd'"
"Vendor/generated/other","CanSimplifyDictionaryLookupWithTryGetValue","note","2","Assets/FishNet/CodeGenerating/Processing/ReaderProcessor.cs","159","Dictionary lookup can be simplified with 'TryGetValue'"
"Vendor/generated/other","CanSimplifyDictionaryRemovingWithSingleCall","note","4","Assets/FishNet/CodeGenerating/cecil-0.11.4/Mono.Cecil/AssemblyReader.cs","1458","Item removal can be simplified with single 'Remove'"
"Vendor/generated/other","CanSimplifyDictionaryTryGetValueWithGetValueOrDefault","note","1","Assets/FishNet/Runtime/Transporting/Transports/Tugboat/LiteNetLib/NativeSocket.cs","113","Dictionary lookup can be simplified with 'GetValueOrDefault'"
"Vendor/generated/other","CanSimplifySetAddingWithSingleCall","note","3","Assets/FishNet/CodeGenerating/Processing/ReaderProcessor.cs","192","Redundant 'Contains' before 'Add'"
"Vendor/generated/other","CheckNamespace","warning","767","Assets/FishNet/CodeGenerating/Extension/FieldDefinitionExtensions.cs","3","Namespace does not correspond to file location, must be: 'FishNet.CodeGenerating.Extension'"
"First-party","CheckNamespace","warning","189","Assets/Game/Editor/AvatarArmMeshExtraction.cs","7","Namespace does not correspond to file location, must be: 'Game.Editor'"
"Vendor/generated/other","ClassNeverInstantiated.Global","note","16","Assets/FishNet/Runtime/Editor/BuildIdentifier.cs","17","Class 'BuildIdentifier' is never instantiated"
"Vendor/generated/other","ClassWithVirtualMembersNeverInherited.Global","note","24","Assets/FishNet/Runtime/Managing/Client/Editor/ClientManagerEditor.cs","9","Class 'ClientManagerEditor' has some virtual members but no inheritors"
"Vendor/generated/other","CoVariantArrayConversion","warning","2","Assets/FishNet/CodeGenerating/cecil-0.11.4/Mono.Cecil/AssemblyReader.cs","1199","Co-variant array conversion from AssemblyNameReference[] to IMetadataScope[] can cause run-time exception on write operation"
"Vendor/generated/other","CollectionNeverQueried.Global","warning","1","Assets/FishNet/Runtime/Managing/Server/ServerManager.RpcLinks.cs","15","Content of collection 'RpcLinks' is only updated but never used"
"Vendor/generated/other","CollectionNeverQueried.Local","warning","4","Assets/FishNet/Runtime/Editor/NetworkProfiler/PacketGroup.cs","34","Content of collection '_packets' is only updated but never used"
"Vendor/generated/other","CollectionNeverUpdated.Global","warning","1","Assets/FishNet/CodeGenerating/Helpers/CodegenSession.cs","29","Content of collection 'DifferentAssemblySyncVars' is never updated"
"Vendor/generated/other","CompareOfFloatsByEqualityOperator","warning","57","Assets/FishNet/Runtime/Generated/Component/NetworkAnimator/NetworkAnimator.cs","2776","Equality comparison of floating point numbers. Possible loss of precision while rounding values"
"First-party","CompareOfFloatsByEqualityOperator","warning","6","Assets/Game/Editor/AvatarProcessor.cs","758","Equality comparison of floating point numbers. Possible loss of precision while rounding values"
"Vendor/generated/other","ConditionIsAlwaysTrueOrFalse","warning","44","Assets/FishNet/CodeGenerating/Helpers/Typed/GeneratorHelper.cs","134","Expression is always false"
"First-party","ConditionIsAlwaysTrueOrFalse","warning","12","Assets/Game/Editor/BakeTools.cs","191","Expression is always false"
"Vendor/generated/other","ConstantConditionalAccessQualifier","warning","2","Assets/FishNet/Runtime/Generated/Component/NetworkAnimator/NetworkAnimator.cs","3071","Conditional access qualifier expression is known to be not null"
"Vendor/generated/other","ConstantNullCoalescingCondition","warning","1","Assets/FishNet/CodeGenerating/Helpers/Extension/ModuleDefinitionExtensions.cs","46","'??' left operand is never 'null'"
"Vendor/generated/other","ConvertConstructorToMemberInitializers","note","4","Assets/FishNet/CodeGenerating/cecil-0.11.4/Mono.Cecil/BaseAssemblyResolver.cs","81","Convert constructor into member initializers"
"Vendor/generated/other","ConvertIfStatementToConditionalTernaryExpression","note","39","Assets/FishNet/CodeGenerating/Helpers/Extension/TypeDefinitionExtensions.cs","229","Convert into '?:' expression"
"First-party","ConvertIfStatementToConditionalTernaryExpression","note","2","Assets/Game/Runtime/Player/PlayerHandPresentation.cs","325","Convert into '?:' expression"
"Vendor/generated/other","ConvertIfStatementToNullCoalescingAssignment","note","53","Assets/FishNet/CodeGenerating/cecil-0.11.4/Mono.Cecil.Cil/CodeWriter.cs","380","Convert into '??='"
"Vendor/generated/other","ConvertIfStatementToNullCoalescingExpression","note","10","Assets/FishNet/CodeGenerating/Helpers/GeneralHelper.cs","772","Convert into '??' expression"
"Vendor/generated/other","ConvertToAutoProperty","note","1","Assets/FishNet/Runtime/Serializing/Helping/Broadcasts.cs","142","Convert into auto-property"
"First-party","ConvertToAutoProperty","note","2","Assets/Game/Runtime/Items/HeldItemPose.cs","160","Convert into auto-property"
"Vendor/generated/other","ConvertToNullCoalescingCompoundAssignment","note","3","Assets/FishNet/CodeGenerating/Helpers/Extension/ModuleDefinitionExtensions.cs","46","Convert into compound assignment"
"Vendor/generated/other","ConvertToStaticClass","note","10","Assets/FishNet/CodeGenerating/cecil-0.11.4/Mono.Cecil/GenericParameterResolver.cs","6","Convert into static class"
"Vendor/generated/other","ConvertToUsingDeclaration","note","7","Assets/FishNet/CodeGenerating/cecil-0.11.4/Mono.Cecil.Cil/PortablePdb.cs","183","Convert into 'using' declaration"
"Vendor/generated/other","DuplicatedStatements","warning","4","Assets/FishNet/CodeGenerating/Helpers/GeneralHelper.cs","254","Duplicated statements"
"Vendor/generated/other","EmptyConstructor","warning","2","Assets/_3rdParty/LeanTween/Framework/LTDescr.cs","104","Empty constructor is redundant. The compiler generates the same by default."
"Vendor/generated/other","EmptyGeneralCatchClause","warning","11","Assets/FishNet/Runtime/Transporting/Transports/Synapse/SynapseSocket/Core/SynapseManager.cs","438","Empty general catch clause suppresses any errors"
"Vendor/generated/other","EmptyNamespace","warning","1","Assets/FishNet/Runtime/Connection/OldTickOption.cs","3","Empty namespace declaration is redundant"
"Vendor/generated/other","EmptyRegion","note","3","Assets/FishNet/CodeGenerating/Helpers/TimeManagerHelper.cs","10","This region is empty"
"Vendor/generated/other","EmptyStatement","warning","1","Assets/_3rdParty/LeanTween/Framework/LTDescr.cs","186","Empty statement is redundant"
"Vendor/generated/other","EnumUnderlyingTypeIsInt","warning","8","Assets/FishNet/Runtime/Editor/Configuring/ConfigurationData.cs","12","'int' is default enum governing type"
"Vendor/generated/other","EventNeverInvoked.Global","note","1","Assets/FishNet/Runtime/Transporting/Transports/Synapse/SynapseSocket/CodeBoost/Environment/IApplicationState.cs","9","Event 'FocusChanged' is not invoked in any of the implementations"
"First-party","EventNeverSubscribedTo.Global","note","1","Assets/Game/Runtime/Avatars/AvatarPresentation.cs","65","Event 'BeforeEvaluation' is never subscribed to"
"Vendor/generated/other","EventNeverSubscribedTo.Global","note","23","Assets/FishNet/Runtime/Transporting/Transports/Synapse/SynapseSocket/CodeBoost/Environment/ApplicationState.cs","34","Event 'FocusChanged' is never subscribed to"
"Vendor/generated/other","ExpressionIsAlwaysNull","warning","4","Assets/FishNet/CodeGenerating/cecil-0.11.4/Mono.Cecil/TypeParser.cs","204","Expression is always null"
"Vendor/generated/other","FieldCanBeMadeReadOnly.Global","note","126","Assets/FishNet/CodeGenerating/Helpers/CodegenSession.cs","29","Field can be made readonly"
"First-party","FieldCanBeMadeReadOnly.Global","note","13","Assets/Game/Runtime/Items/ItemDefinition.cs","10","Field can be made readonly"
"Vendor/generated/other","FieldCanBeMadeReadOnly.Local","note","193","Assets/FishNet/CodeGenerating/Helpers/CodegenSession.cs","37","Field can be made readonly"
"First-party","FieldCanBeMadeReadOnly.Local","note","9","Assets/Game/Runtime/Avatars/AvatarAnimationGraph.cs","117","Field can be made readonly"
"Vendor/generated/other","ForCanBeConvertedToForeach","note","222","Assets/FishNet/CodeGenerating/Helpers/Extension/GetConstructor.cs","105","'for' loop can be converted into 'foreach' loop"
"First-party","ForCanBeConvertedToForeach","note","8","Assets/Game/Runtime/Avatars/AvatarPresentationSystem.cs","54","'for' loop can be converted into 'foreach' loop"
"Vendor/generated/other","HeuristicUnreachableCode","warning","14","Assets/FishNet/CodeGenerating/Helpers/Typed/GeneratorHelper.cs","135","Code is heuristically unreachable"
"Vendor/generated/other","InconsistentNaming","warning","3454","Assets/FishNet/CodeGenerating/cecil-0.11.4/rocks/Mono.Cecil.Rocks/Functional.cs","18","Name 'A' does not match rule 'Type parameters'. Suggested name is 'TA'."
"First-party","InconsistentNaming","warning","2002","Assets/Game/Runtime/Avatars/AvatarSettings.cs","42","Name 'AdditionalSprings' does not match rule 'Unity serialized field'. Suggested name is 'additionalSprings'."
"Vendor/generated/other","InconsistentlySynchronizedField","warning","2","Assets/FishNet/CodeGenerating/cecil-0.11.4/Mono.Cecil/IConstantProvider.cs","28","The field is sometimes used inside synchronized block and sometimes used without synchronization"
"Vendor/generated/other","InlineOutVariableDeclaration","note","210","Assets/FishNet/CodeGenerating/Helpers/GeneralHelper.cs","214","Inline 'out' variable declaration"
"First-party","InlineOutVariableDeclaration","note","2","Assets/Game/Runtime/Items/RigidbodyMotionState.cs","82","Inline 'out' variable declaration"
"Vendor/generated/other","IntVariableOverflowInUncheckedContext","warning","1","Assets/FishNet/Runtime/Transporting/Transports/Tugboat/LiteNetLib/Utils/CRC32C.cs","127","Possible overflow in 'unchecked' context"
"Vendor/generated/other","IntroduceOptionalParameters.Global","note","15","Assets/FishNet/CodeGenerating/cecil-0.11.4/Mono.Cecil/BaseAssemblyResolver.cs","38","Introduce optional parameter(s) for constructor 'AssemblyResolutionException(AssemblyNameReference, Exception)'"
"Vendor/generated/other","IntroduceOptionalParameters.Local","note","1","Assets/FishNet/CodeGenerating/cecil-0.11.4/Mono.Cecil/Import.cs","172","Introduce optional parameter(s) for method 'TypeReference ImportType(Type, ImportGenericContext, ImportGenericKind)'"
"Vendor/generated/other","InvalidXmlDocComment","warning","924","Assets/FishNet/Runtime/Object/Synchronizing/SyncDictionary.cs","55","'=' expected"
"Vendor/generated/other","InvokeAsExtensionMember","note","1","Assets/FishNet/CodeGenerating/Processing/NetworkBehaviourProcessor.cs","57","Invoke as extension method"
"Vendor/generated/other","IteratorNeverReturns","warning","1","Assets/FishNet/Runtime/Plugins/GameKit/Dependencies/Utilities/Types/ObjectPooling/Scripts/ObjectPool.cs","151","Iterator never returns"
"Vendor/generated/other","JoinDeclarationAndInitializer","note","39","Assets/FishNet/CodeGenerating/Helpers/GeneralHelper.cs","86","Join declaration and assignment"
"Vendor/generated/other","JoinNullCheckWithUsage","note","15","Assets/FishNet/CodeGenerating/cecil-0.11.4/Mono.Cecil.Cil/PortablePdb.cs","203","Join 'null' check with assignment"
"Vendor/generated/other","LocalVariableHidesMember","warning","98","Assets/FishNet/CodeGenerating/cecil-0.11.4/Mono.Cecil.Cil/CodeWriter.cs","158","Local variable 'body' hides field 'MonoFN.Cecil.Cil.CodeWriter.body'"
"First-party","LocalVariableHidesMember","warning","12","Assets/Game/Runtime/UI/SessionOverlay.cs","62","Local variable 'cancel' hides field 'TwoBirds.SessionOverlay.cancel'"
"Vendor/generated/other","MISMATCHED_ASMDEF_FILENAME","note","3","Assets/FishNet/CodeGenerating/Unity.FishNet.CodeGen.asmdef","2","File name should match the name of the assembly"
"Vendor/generated/other","MemberCanBePrivate.Global","note","558","Assets/FishNet/CodeGenerating/cecil-0.11.4/Mono.Cecil/ModuleDefinition.cs","182","Accessor 'Architecture.set' can be made private"
"First-party","MemberCanBePrivate.Global","note","59","Assets/Game/Runtime/Birds/BirdRewardLedger.cs","7","Class 'Release' can be made private"
"Vendor/generated/other","MemberCanBePrivate.Local","note","4","Assets/FishNet/Runtime/Generated/Component/NetworkAnimator/NetworkAnimator.cs","2036","Constant 'MAXIMUM_BUFFER_COUNT' can be made private"
"Vendor/generated/other","MemberCanBeProtected.Global","note","80","Assets/FishNet/CodeGenerating/cecil-0.11.4/Mono.Cecil.PE/BinaryStreamReader.cs","20","Accessor 'Position.set' can be made protected"
"First-party","MemberHidesStaticFromOuterClass","warning","1","Assets/Game/Runtime/Items/ItemContactPhysics.cs","11","Field 'Vector3 Normal' hides method from outer class"
"Vendor/generated/other","MemberInitializerValueIgnored","warning","5","Assets/FishNet/Runtime/Object/Synchronizing/SyncDictionary.cs","100","Field initializer value ignored during initialization"
"Vendor/generated/other","MergeCastWithTypeCheck","note","4","Assets/FishNet/CodeGenerating/Processing/WriterProcessor.cs","517","Merge cast with type check"
"First-party","MergeCastWithTypeCheck","note","1","Assets/Game/Runtime/Items/ItemReleaseClearance.cs","59","Merge cast with type check"
"Vendor/generated/other","MergeConditionalExpression","note","53","Assets/FishNet/CodeGenerating/Extension/MethodDefinitionExtensions.cs","199","Merge conditional expression"
"First-party","MergeConditionalExpression","note","2","Assets/Game/Runtime/Player/PlayerHeldItemPresentation.cs","703","Merge conditional expression"
"Vendor/generated/other","MergeIntoPattern","note","45","Assets/FishNet/CodeGenerating/Helpers/Extension/TypeDefinitionExtensions.cs","193","Merge into pattern"
"First-party","MergeIntoPattern","note","52","Assets/Game/Editor/TwoBirdsBuildPipeline.cs","90","Merge into pattern"
"Vendor/generated/other","MethodOverloadWithOptionalParameter","warning","3","Assets/FishNet/Runtime/Object/NetworkObject/NetworkObject.cs","1217","Method with optional parameter is hidden by overload"
"Vendor/generated/other","MoveVariableDeclarationInsideLoopCondition","note","1","Assets/FishNet/Runtime/Transporting/Transports/Tugboat/LiteNetLib/ReliableChannel.cs","300","Variable 'p' can be declared inside loop condition"
"Vendor/generated/other","NonReadonlyMemberInGetHashCode","warning","4","Assets/FishNet/Runtime/Connection/NetworkConnection.cs","242","Non-readonly field referenced in 'GetHashCode()'"
"First-party","NonReadonlyMemberInGetHashCode","warning","3","Assets/Game/Runtime/Avatars/Appearance/AvatarAppearance.cs","36","Non-readonly serialised field referenced in 'GetHashCode()'"
"Vendor/generated/other","NotAccessedField.Compiler","warning","1","Assets/FishNet/CodeGenerating/Helpers/Typed/SyncIndexData.cs","11","Field 'SyncCount' is assigned but its value is never used"
"Vendor/generated/other","NotAccessedField.Global","note","73","Assets/FishNet/Runtime/Transporting/Transports/Synapse/SynapseSocket/Core/Events/ViolationEventArgs.cs","48","Field 'Action' is assigned but its value is never used"
"First-party","NotAccessedField.Global","note","16","Assets/Game/Runtime/Avatars/AvatarPresentation.cs","10","Field 'Carrying' is assigned but its value is never used"
"Vendor/generated/other","NotAccessedField.Local","warning","19","Assets/FishNet/CodeGenerating/Processing/Rpc/RpcProcessor.cs","30","Field 'MethodHash' is assigned but its value is never used"
"First-party","NotAccessedField.Local","warning","6","Assets/Game/Runtime/Birds/BirdRegistry.Network.cs","14","Field 'Sequence' is assigned but its value is never used"
"Vendor/generated/other","NotAccessedOutParameterVariable","warning","3","Assets/FishNet/CodeGenerating/Helpers/GeneralHelper.cs","1111","Local variable 'created' is only used to discard 'out' parameter value"
"Vendor/generated/other","NotAccessedVariable","warning","4","Assets/FishNet/Runtime/Observing/Conditions/GridCondition/HashGrid.cs","179","Local variable 'iterations' is only assigned but its value is never used"
"Vendor/generated/other","OutParameterValueIsAlwaysDiscarded.Global","note","4","Assets/FishNet/CodeGenerating/Helpers/GeneralHelper.cs","547","Parameter 'alreadyCreated' output value is always discarded"
"Vendor/generated/other","OutParameterValueIsAlwaysDiscarded.Local","warning","1","Assets/FishNet/Runtime/Managing/NetworkManager.ObjectPooling.cs","131","Parameter 'nob' output value is always discarded"
"Vendor/generated/other","ParameterHidesMember","warning","101","Assets/_3rdParty/LeanTween/Framework/LeanTween.cs","3828","Parameter 'alpha' hides serialised field 'LTRect.alpha'"
"First-party","ParameterHidesMember","warning","12","Assets/Game/Runtime/Projectiles/PebbleProjectile.cs","51","Parameter 'definition' hides field 'TwoBirds.PebbleProjectile.definition'"
"Vendor/generated/other","PartialTypeWithSinglePart","warning","5","Assets/FishNet/Runtime/Generated/Component/Prediction/OfflineRigidbody.cs","6","Partial class with single part"
"Vendor/generated/other","PossibleInvalidOperationException","warning","14","Assets/FishNet/Runtime/Managing/Client/Object/ClientObjects.cs","581","Possible 'System.InvalidOperationException'"
"Vendor/generated/other","PossibleLossOfFraction","warning","2","Assets/FishNet/Runtime/Serializing/WriterPool.cs","214","Possible loss of fraction"
"First-party","PossibleLossOfFraction","warning","1","Assets/Game/Runtime/Inventory/PlayerInventory.cs","209","Possible loss of fraction"
"Vendor/generated/other","PossibleNullReferenceException","warning","69","Assets/FishNet/CodeGenerating/Helpers/Extension/ModuleDefinitionExtensions.cs","53","Possible 'System.NullReferenceException'"
"First-party","PossibleNullReferenceException","warning","12","Assets/Game/Editor/AvatarProcessor.cs","867","Possible 'System.NullReferenceException'"
"Vendor/generated/other","PossibleUnintendedReferenceComparison","warning","6","Assets/FishNet/Runtime/Object/Synchronizing/SyncHashset.cs","557","Possible unintended reference comparison. To get a value comparison, use 'Equals' method."
"Vendor/generated/other","PossiblyImpureMethodCallOnReadonlyVariable","warning","1","Assets/FishNet/CodeGenerating/cecil-0.11.4/Mono.Cecil.Cil/PortablePdb.cs","365","Possibly impure struct method called on readonly variable: struct value always copied before invocation"
"First-party","PossiblyImpureMethodCallOnReadonlyVariable","warning","4","Assets/Game/Runtime/Avatars/AvatarFingerLayers.cs","56","Possibly impure struct method called on readonly variable: struct value always copied before invocation"
"Vendor/generated/other","PreferConcreteValueOverDefault","note","57","Assets/FishNet/Runtime/Generated/Component/NetworkAnimator/NetworkAnimator.cs","1971","Use '0' instead of 'default'"
"Vendor/generated/other","RedundantArgumentDefaultValue","warning","54","Assets/FishNet/Runtime/Object/NetworkBehaviour/NetworkBehaviour.QOL.cs","162","The parameter 'additionalInformation' has the same default value"
"First-party","RedundantArgumentDefaultValue","warning","2","Assets/Game/Runtime/Items/WorldItemRegistry.Motion.cs","26","The parameter 'channel' has the same default value"
"Vendor/generated/other","RedundantAssignment","warning","22","Assets/FishNet/CodeGenerating/Processing/Rpc/RpcProcessor.cs","742","Destination has the same value before assignment"
"First-party","RedundantAssignment","warning","3","Assets/Game/Editor/AvatarProcessor.cs","87","Value assigned is not used in any execution path"
"Vendor/generated/other","RedundantAttributeUsageProperty","note","26","Assets/FishNet/Runtime/CodeGenerating/Attributes.cs","17","Redundant [AttributeUsage] property assignment: provided value is equal to default"
"Vendor/generated/other","RedundantBaseQualifier","warning","64","Assets/FishNet/Runtime/Managing/Client/Object/ClientObjects.cs","115","Qualifier 'base.' is redundant"
"Vendor/generated/other","RedundantBoolCompare","warning","8","Assets/FishNet/Runtime/Generated/Component/TickSmoothing/Editor/MovementSettingsDrawer.cs","32","Comparison with true is redundant"
"Vendor/generated/other","RedundantCaseLabel","warning","1","Assets/FishNet/CodeGenerating/cecil-0.11.4/Mono.Cecil/ModuleDefinition.cs","1184","Redundant 'case' label"
"Vendor/generated/other","RedundantCast","warning","103","Assets/FishNet/CodeGenerating/Helpers/Extension/Diagnostics.cs","15","Type cast is redundant"
"First-party","RedundantCast","warning","3","Assets/Game/Runtime/Diagnostics/AILogger.cs","138","Type cast is redundant"
"Vendor/generated/other","RedundantDefaultMemberInitializer","warning","108","Assets/FishNet/CodeGenerating/cecil-0.11.4/Mono.Cecil/MethodReferenceComparer.cs","10","Initializing field by default value is redundant"
"First-party","RedundantDefaultMemberInitializer","warning","1","Assets/Game/Runtime/Diagnostics/Log.cs","8","Initializing field by default value is redundant"
"Vendor/generated/other","RedundantEmptyFinallyBlock","warning","2","Assets/FishNet/Runtime/Editor/BuildIdentifier.cs","34","Redundant empty 'finally' block"
"Vendor/generated/other","RedundantExplicitArrayCreation","warning","71","Assets/FishNet/CodeGenerating/Helpers/Extension/MethodReferenceExtensions.cs","52","Redundant explicit array type specification"
"Vendor/generated/other","RedundantExplicitArraySize","warning","1","Assets/Plugins/FishySteamworks/FishySteamworks.cs","116","Redundant explicit array size specification"
"Vendor/generated/other","RedundantExplicitParamsArrayCreation","note","16","Assets/FishNet/CodeGenerating/Helpers/GeneralHelper.cs","158","Redundant explicit collection creation in argument of 'params' parameter"
"Vendor/generated/other","RedundantExtendsListEntry","warning","39","Assets/FishNet/CodeGenerating/cecil-0.11.4/Mono.Collections.Generic/Collection.cs","340","Base interface 'IDisposable' is redundant because MonoFN.Collections.Generic.Collection<T>.Enumerator implements 'IEnumerator<T>'"
"Vendor/generated/other","RedundantJumpStatement","warning","5","Assets/FishNet/CodeGenerating/Helpers/GeneralHelper.cs","1160","Redundant control flow jump statement"
"Vendor/generated/other","RedundantLambdaParameterType","warning","18","Assets/_3rdParty/LeanTween/Examples/Scripts/GeneralAdvancedTechniques.cs","35","Redundant lambda parameter explicit type specification"
"Vendor/generated/other","RedundantNameQualifier","warning","42","Assets/FishNet/CodeGenerating/Helpers/Typed/GeneratorHelper.cs","111","Qualifier is redundant"
"First-party","RedundantNameQualifier","warning","6","Assets/Game/Runtime/Items/ItemPlayerContact.cs","221","Qualifier is redundant"
"Vendor/generated/other","RedundantOverriddenMember","warning","1","Assets/FishNet/Runtime/Transporting/Transports/Synapse/Synapse.cs","84","Redundant method override"
"Vendor/generated/other","RedundantStringFormatCall","warning","1","Assets/FishNet/CodeGenerating/cecil-0.11.4/Mono.Cecil.Cil/Symbols.cs","969","Redundant 'String.Format()' call"
"Vendor/generated/other","RedundantStringInterpolation","note","127","Assets/FishNet/CodeGenerating/Helpers/GeneralHelper.cs","826","Redundant string interpolation"
"Vendor/generated/other","RedundantTernaryExpression","warning","1","Assets/FishNet/Runtime/Serializing/Reader.cs","389","Redundant conditional ternary expression usage"
"Vendor/generated/other","RedundantToStringCall","warning","22","Assets/FishNet/CodeGenerating/Processing/ReaderProcessor.cs","319","Redundant 'Object.ToString()' call"
"Vendor/generated/other","RedundantTypeArgumentsOfMethod","warning","12","Assets/FishNet/CodeGenerating/ILCore/FishNetILPP.cs","90","Type argument specification is redundant"
"First-party","RedundantTypeArgumentsOfMethod","warning","1","Assets/Game/Runtime/Projectiles/PebbleMessages.cs","50","Type argument specification is redundant"
"Vendor/generated/other","RedundantUsingDirective","warning","430","Assets/FishNet/CodeGenerating/Extension/ILProcessorExtensions.cs","1","Using directive is not required by the code and can be safely removed"
"First-party","RedundantUsingDirective","warning","6","Assets/Game/Editor/AvatarProcessor.cs","4","Using directive is not required by the code and can be safely removed"
"Vendor/generated/other","RedundantVerbatimStringPrefix","note","6","Assets/FishNet/Runtime/Editor/Configuring/DelayedEditorTasks.cs","55","Redundant verbatim string prefix"
"Vendor/generated/other","ReturnValueOfPureMethodIsNotUsed","warning","1","Assets/_3rdParty/LeanTween/Framework/LeanTween.cs","3612","Return value of pure method is not used"
"Vendor/generated/other","SealedMemberInSealedClass","warning","4","Assets/FishNet/CodeGenerating/cecil-0.11.4/Mono.Cecil/MemberDefinitionCollection.cs","35","'sealed' modifier is redundant because class 'MonoFN.Cecil.MemberDefinitionCollection<T>' is sealed"
"Vendor/generated/other","ShiftExpressionZeroLeftOperand","warning","73","Assets/FishNet/CodeGenerating/cecil-0.11.4/Mono.Cecil.Cil/OpCodes.cs","17","Shift expression with zero left operand equals zero"
"Vendor/generated/other","SimplifyConditionalTernaryExpression","note","19","Assets/FishNet/Demos/CustomSyncType/Component State Sync/ComponentStateSync.cs","23","Simplify conditional ternary expression"
"First-party","SimplifyLinqExpressionUseAll","note","3","Assets/Game/Editor/WorldItemSetup.cs","185","Simplify LINQ expression (use 'All')"
"Vendor/generated/other","SimplifyStringInterpolation","note","4","Assets/FishNet/Demos/ColliderRollback/Scripts/Rollback Visualization/RollbackVisualizer.cs","49","Simplify string interpolation"
"Vendor/generated/other","StaticMemberInGenericType","warning","13","Assets/FishNet/Runtime/Plugins/GameKit/Dependencies/Utilities/ObjectCaching.cs","36","Static field in generic type"
"Vendor/generated/other","StringIndexOfIsCultureSpecific.1","warning","6","Assets/FishNet/Runtime/Managing/Scened/SceneLookupData.cs","395","String.IndexOf(string) is culture-specific"
"Vendor/generated/other","StructCanBeMadeReadOnly","note","9","Assets/FishNet/CodeGenerating/cecil-0.11.4/Mono.Cecil.Cil/OpCode.cs","95","Struct can be made readonly"
"Vendor/generated/other","SwapViaDeconstruction","note","3","Assets/FishNet/Runtime/Plugins/GameKit/Dependencies/Utilities/Arrays.cs","83","Swap via deconstruction"
"Vendor/generated/other","ThreadStaticFieldHasInitializer","warning","2","Assets/FishNet/CodeGenerating/cecil-0.11.4/Mono.Cecil/MethodReferenceComparer.cs","10","Thread static field has initializer: it will be evaluated only once by the first thread (while invoking static constructor of the containing type), other threads will observe default value of the field"
"Vendor/generated/other","TooWideLocalVariableScope","note","16","Assets/FishNet/Runtime/Transporting/Transports/Tugboat/LiteNetLib/ReliableChannel.cs","250","Local variable 'ackBit' can be declared in inner scope"
"First-party","TooWideLocalVariableScope","note","3","Assets/Game/Runtime/Birds/BirdRegistry.Planning.cs","13","Local variable 'habitat' can be declared in inner scope"
"Vendor/generated/other","TryCastAlwaysSucceeds","note","2","Assets/FishNet/CodeGenerating/cecil-0.11.4/Mono.Cecil.Cil/PortablePdb.cs","28","Safe cast expression always succeeds, consider direct cast instead"
"Vendor/generated/other","TypeParameterCanBeVariant","note","2","Assets/FishNet/Runtime/Object/Prediction/Delegates.cs","19","The type parameter 'T' could be declared as contravariant"
"Vendor/generated/other","UAC0009","warning","32","Assets/FishNet/Runtime/Connection/NetworkConnection.Prediction.cs","1","DEVELOPMENT_BUILD preprocessor directive has been deprecated. Please use one of the managed code variant directives (such as DEBUG, UNITY_ENABLE_CHECKS or UNITY_INCLUDE_INSTRUMENTATION) if different code paths are desired for different managed code variants. Checking for development build is possible at runtime using Debug.isDebugBuild. See the Conditional Compilation manual page for more details."
"First-party","UAC0009","warning","36","Assets/Game/Runtime/Diagnostics/AILogCapture.cs","1","DEVELOPMENT_BUILD preprocessor directive has been deprecated. Please use one of the managed code variant directives (such as DEBUG, UNITY_ENABLE_CHECKS or UNITY_INCLUDE_INSTRUMENTATION) if different code paths are desired for different managed code variants. Checking for development build is possible at runtime using Debug.isDebugBuild. See the Conditional Compilation manual page for more details."
"Vendor/generated/other","UAC1001","warning","5","Assets/FishNet/Runtime/Transporting/Transports/Synapse/Synapse.cs","75","Field 'ClientSocket' type 'FishNet.Transporting.Synapse.Client.ClientSocket' is skipped by serialization (missing the [Serializable] attribute). Refer to the Serialization rules analyzer reference."
"Vendor/generated/other","UAC1002","warning","4","Assets/FishNet/Runtime/Object/Synchronizing/SyncDictionary.cs","13","Type 'FishNet.Object.Synchronizing.SyncDictionary<TKey, TValue>' hierarchy is incomplete: 'FishNet.Object.Synchronizing.Internal.SyncBase' lacks the [Serializable] attribute. Refer to the Serialization rules analyzer reference."
"Vendor/generated/other","UAC1009","warning","2","Assets/FishNet/Runtime/Object/Synchronizing/SyncHashset.cs","71","Field 'Collection' uses an unsupported type 'System.Collections.Generic.HashSet<T>'. Refer to the Serialization rules analyzer reference."
"Vendor/generated/other","UAC1015","warning","3","Assets/FishNet/Runtime/Managing/Client/ClientManager.cs","73","Field 'Clients' is a dictionary type 'System.Collections.Generic.Dictionary<int, FishNet.Connection.NetworkConnection>' but is missing [SerializeField]. Unity's dictionary serialization backend skips dictionary fields without [SerializeField], even when the field is public. Add [SerializeField] to serialize this field, or [NonSerialized] to make the intent explicit. Refer to the Serialization rules analyzer reference."
"Vendor/generated/other","UnassignedField.Global","note","5","Assets/FishNet/Runtime/Managing/Scened/LoadUnloadDatas/LoadOptions.cs","19","Field 'AllowStacking' is never assigned"
"First-party","Unity.InefficientMultidimensionalArrayUsage","warning","18","Assets/Game/Editor/ItemPlacementZoneEditor.cs","220","Accessing multidimensional arrays is inefficient. Use a jagged or one-dimensional array instead."
"Vendor/generated/other","Unity.InefficientMultiplicationOrder","warning","5","Assets/FishNet/Demos/ColliderRollback/Scripts/Player/PlayerMotor.cs","38","Order of multiplication operations is inefficient"
"First-party","Unity.InefficientMultiplicationOrder","warning","8","Assets/Game/Runtime/Birds/BirdHitReporter.cs","92","Order of multiplication operations is inefficient"
"Vendor/generated/other","Unity.InstantiateWithoutParent","warning","1","Assets/_3rdParty/LeanTween/Examples/Scripts/GeneralSequencer.cs","37","Setting 'parent' property immediately after object instantiation is inefficient"
"Vendor/generated/other","Unity.PreferAddressByIdToGraphicsParams","warning","16","Assets/FishNet/Runtime/Plugins/GameKit/Dependencies/Utilities/Materials.cs","14","String based property lookup is inefficient"
"First-party","Unity.PreferAddressByIdToGraphicsParams","warning","19","Assets/Game/Editor/HatSetup.cs","101","String based property lookup is inefficient"
"First-party","Unity.PreferNonAllocApi","warning","5","Assets/Game/Runtime/Items/WorldItem.Potions.cs","36","Use non-allocating method 'OverlapCapsuleNonAlloc'"
"Vendor/generated/other","Unity.RedundantAttributeOnTarget","warning","4","Assets/FishNet/Runtime/Managing/Client/ClientManager.cs","77","Attribute 'UnityEngine.HideInInspector' is redundant on this declaration type. It is only used when applied to 'Field' declarations."
"Vendor/generated/other","Unity.RedundantEventFunction","warning","8","Assets/FishNet/Demos/CustomSyncType/Component State Sync/AMonoScript.cs","7","Redundant Unity event function"
"Vendor/generated/other","Unity.RedundantHideInInspectorAttribute","warning","5","Assets/FishNet/Runtime/Generated/Component/Prediction/NetworkColliderBase.cs","15","Redundant 'HideInInspector' attribute"
"Vendor/generated/other","Unity.UnknownAnimatorStateName","warning","1","Assets/_3rdParty/Quirky Series/_Scripts/Demo.cs","177","There is no animator state with the same name in the project."
"Vendor/generated/other","UnusedAutoPropertyAccessor.Global","warning","44","Assets/FishNet/CodeGenerating/cecil-0.11.4/Mono.Cecil/ModuleDefinition.cs","62","Auto-property accessor 'ApplyWindowsRuntimeProjections.set' is never used"
"Vendor/generated/other","UnusedAutoPropertyAccessor.Local","warning","2","Assets/FishNet/Runtime/Object/NetworkObject/NetworkObject.LevelOfDetail.cs","19","Auto-property accessor 'ServerIsLevelOfDetailInitialized.set' is never used"
"Vendor/generated/other","UnusedMember.Global","note","1754","Assets/FishNet/CodeGenerating/cecil-0.11.4/Mono.Cecil/EventDefinition.cs","39","Accessor 'AddMethod.set' is never used"
"First-party","UnusedMember.Global","note","67","Assets/Game/Runtime/Items/HeldItemPose.cs","64","Constructor 'HeldItemPose' is never used"
"Vendor/generated/other","UnusedMember.Local","warning","45","Assets/FishNet/Runtime/Editor/Configuring/Configuring.cs","30","Accessor 'Configurations.set' is never used"
"First-party","UnusedMember.Local","warning","1","Assets/Game/Runtime/UI/HudController.cs","626","Method 'GetItemName' is never used"
"Vendor/generated/other","UnusedMemberInSuper.Global","note","26","Assets/FishNet/CodeGenerating/cecil-0.11.4/Mono.Cecil/IConstantProvider.cs","16","Only implementations of accessor 'Constant.set' are used"
"Vendor/generated/other","UnusedMethodReturnValue.Global","note","24","Assets/FishNet/Runtime/Transporting/Transports/Tugboat/LiteNetLib/ConnectionRequest.cs","48","Method 'AcceptIfKey' return value is never used"
"First-party","UnusedMethodReturnValue.Global","note","2","Assets/Game/Runtime/Inventory/PlayerInventory.cs","138","Method 'DirectUse' return value is never used"
"Vendor/generated/other","UnusedMethodReturnValue.Local","warning","6","Assets/FishNet/Runtime/Transporting/Transports/Tugboat/LiteNetLib/NetManager.HashSet.cs","252","Method 'AddPeerToSet' return value is never used"
"First-party","UnusedMethodReturnValue.Local","warning","1","Assets/Game/Runtime/Player/PlayerHeldItemPresentation.cs","459","Method 'CurrentAge' return value is never used"
"Vendor/generated/other","UnusedParameter.Global","note","125","Assets/FishNet/Runtime/Plugins/ColliderRollback/Scripts/RollbackManager.cs","87","Parameter 'asOwnerAndClientHost' is never used"
"First-party","UnusedParameter.Global","note","2","Assets/Game/Runtime/Items/HeldItemPose.cs","239","Parameter 'avatar' is never used"
"First-party","UnusedParameter.Local","warning","22","Assets/Game/Editor/AvatarSettingsEditor.cs","18","Parameter 'active' is never used"
"Vendor/generated/other","UnusedParameter.Local","warning","44","Assets/FishNet/Runtime/Object/NetworkObject/NetworkObject.Observers.cs","326","Parameter 'asServer' is never used"
"Vendor/generated/other","UnusedType.Global","note","81","Assets/FishNet/Demos/CustomSyncType/Component State Sync/ComponentSyncStateBehaviour.cs","8","Class 'AMSSerializer' is never used"
"First-party","UnusedType.Global","note","4","Assets/Game/Runtime/Avatars/Appearance/AvatarAppearanceSerializer.cs","6","Class 'AvatarAppearanceSerializer' is never used"
"Vendor/generated/other","UnusedType.Local","warning","4","Assets/FishNet/CodeGenerating/Processing/Prediction/PredictionProcessor.cs","27","Class 'PredictionAttributedMethods' is never used"
"First-party","UnusedVariable","warning","4","Assets/Game/Runtime/Birds/BirdHitReporter.cs","161","Local variable 'accepted' is never used"
"Vendor/generated/other","UnusedVariable","warning","23","Assets/FishNet/Runtime/Object/Synchronizing/SyncStopwatch.cs","253","Local variable 'asClientHost' is never used"
"Vendor/generated/other","UseArrayEmptyMethod","note","31","Assets/FishNet/Runtime/Plugins/ColliderRollback/Scripts/ColliderRollback.cs","37","Use 'Array.Empty<GameObject>()' to avoid array allocation"
"Vendor/generated/other","UseEmptyTypesField","note","1","Assets/FishNet/CodeGenerating/Helpers/Extension/GetConstructor.cs","99","Use 'Type.EmptyTypes'"
"Vendor/generated/other","UseFormatSpecifierInFormatString","note","1","Assets/FishNet/CodeGenerating/cecil-0.11.4/Mono.Cecil.Metadata/MetadataToken.cs","88","Use format specifier"
"Vendor/generated/other","UseIndexFromEndExpression","note","10","Assets/FishNet/CodeGenerating/Extension/MethodDefinitionExtensions.cs","54","Use index from end expression"
"First-party","UseIndexFromEndExpression","note","1","Assets/Game/Runtime/Inventory/PlayerInventory.cs","489","Use index from end expression"
"Vendor/generated/other","UseNameOfInsteadOfToString","note","13","Assets/FishNet/CodeGenerating/cecil-0.11.4/Mono.Cecil/ModuleDefinition.cs","1139","Use 'nameof' expression to reference 'Argument.field' name"
"Vendor/generated/other","UseNameOfInsteadOfTypeOf","note","8","Assets/FishNet/Runtime/Managing/Transporting/TransportManager.cs","465","Use 'nameof' expression to reference class 'Multipass' name"
"Vendor/generated/other","UseNameofExpression","note","69","Assets/FishNet/CodeGenerating/cecil-0.11.4/rocks/Mono.Cecil.Rocks/TypeReferenceRocks.cs","63","Use 'nameof' expression to reference parameter 'arguments' name"
"Vendor/generated/other","UseObjectOrCollectionInitializer","note","77","Assets/FishNet/CodeGenerating/Helpers/Extension/ILProcessorExtensions.cs","14","Use collection initializer"
"First-party","UseObjectOrCollectionInitializer","note","14","Assets/Game/Editor/AvatarSettingsEditor.cs","15","Use object initializer"
"Vendor/generated/other","UsePatternMatching","note","41","Assets/FishNet/CodeGenerating/cecil-0.11.4/Mono.Cecil.Cil/CodeReader.cs","388","Use pattern matching"
"First-party","UsePatternMatching","note","1","Assets/Game/Runtime/UI/MenuNavigation.cs","105","Use pattern matching"
"Vendor/generated/other","UseStringInterpolation","note","10","Assets/FishNet/CodeGenerating/cecil-0.11.4/Mono.Cecil.Cil/Symbols.cs","890","Use string interpolation expression"
"Vendor/generated/other","UselessBinaryOperation","warning","1","Assets/_3rdParty/LeanTween/Framework/LeanAudio.cs","156","Addition or subtraction of 0 in every execution path, which is useless"
"Vendor/generated/other","VirtualMemberCallInConstructor","warning","2","Assets/FishNet/CodeGenerating/cecil-0.11.4/Mono.Cecil/FieldReference.cs","44","Virtual member call in constructor"
"Vendor/generated/other","VirtualMemberNeverOverridden.Global","note","42","Assets/FishNet/Runtime/Object/NetworkBehaviour/NetworkBehaviour.Prediction.cs","337","Virtual method 'ClearReplicateCache' is never overridden"
